offense_id,datetime,offense_code,offense_type_id,offense_category_id,geo_lon,geo_lat
2016474748220500,2016-07-26 17:00:00,2205,burglary-business-no-force,burglary,-105.0048694,39.744035
2016474094530900,2016-07-26 15:05:00,5309,harassment,public-disorder,-105.0048694,39.744035
201857383544100,2018-01-24 16:21:00,5441,traffic-accident,traffic-accident,-105.0024895,39.7476542
2018120989544100,2018-02-20 09:52:00,5441,traffic-accident,traffic-accident,-105.0024895,39.7476542
2018121018544100,2018-02-20 10:10:00,5441,traffic-accident,traffic-accident,-105.0024895,39.7476542
2018121839540100,2018-02-20 17:15:00,5401,traffic-accident-hit-and-run,traffic-accident,-105.0024895,39.7476542
2018227466544100,2018-04-05 20:35:00,5441,traffic-accident,traffic-accident,-105.0024895,39.7476542
2018307114544100,2018-05-07 17:37:00,5441,traffic-accident,traffic-accident,-105.0024895,39.7476542
2018460291544100,2018-07-08 06:15:00,5441,traffic-accident,traffic-accident,-105.0024895,39.7476542
2018108424544100,2018-02-14 19:20:00,5441,traffic-accident,traffic-accident,-105.0024895,39.7476542
2018395012544100,2018-06-12 17:02:00,5441,traffic-accident,traffic-accident,-105.0024895,39.7476542
2018118644549900,2018-02-19 02:45:00,5499,traf-other,all-other-crimes,-105.0024895,39.7476542
201825852540100,2018-01-11 17:30:00,5401,traffic-accident-hit-and-run,traffic-accident,-105.0024895,39.7476542
201919419540100,2019-01-09 15:36:00,5401,traffic-accident-hit-and-run,traffic-accident,-105.0024895,39.7476542
201924560544100,2019-01-11 16:12:00,5441,traffic-accident,traffic-accident,-105.0024895,39.7476542
2019271827544100,2019-05-01 14:46:00,5441,traffic-accident,traffic-accident,-105.0024895,39.7476542
201913913544100,2019-01-07 10:00:00,5441,traffic-accident,traffic-accident,-105.0024895,39.7476542
2019243757540100,2019-04-19 08:48:00,5401,traffic-accident-hit-and-run,traffic-accident,-105.0024895,39.7476542
2019185182544100,2019-03-24 15:47:00,5441,traffic-accident,traffic-accident,-105.0024895,39.7476542
2019297354544100,2019-05-12 14:45:00,5441,traffic-accident,traffic-accident,-105.0024895,39.7476542
2019402992540100,2019-06-28 09:15:00,5401,traffic-accident-hit-and-run,traffic-accident,-105.0024895,39.7476542
201943892549900,2019-01-19 23:58:00,5499,traf-other,all-other-crimes,-105.0024895,39.7476542
2019161758544100,2019-03-14 07:10:00,5441,traffic-accident,traffic-accident,-105.0024895,39.7476542
2019377630544100,2019-06-17 01:30:00,5441,traffic-accident,traffic-accident,-105.0024895,39.7476542
2019283612131601,2019-04-24 09:11:00,1316,harassment-stalking-dv,public-disorder,-105.0020304,39.7456976
2014126368239900,2014-03-10 11:00:00,2399,theft-other,larceny,-105.0025512,39.7459743
2014126370239900,2014-03-11 06:40:00,2399,theft-other,larceny,-105.0025512,39.7459743
2014126370299900,2014-03-11 06:40:00,2999,criminal-mischief-other,public-disorder,-105.0025512,39.7459743
201993743544100,2019-02-11 08:41:00,5441,traffic-accident,traffic-accident,-105.0024895,39.7476542
2014168973230800,2014-04-03 15:00:00,2308,theft-from-bldg,larceny,-105.004669,39.745717
2019230212544100,2019-04-13 12:25:00,5441,traffic-accident,traffic-accident,-105.0024895,39.7476542
2014162002220500,2014-03-28 14:00:00,2205,burglary-business-no-force,burglary,-105.004669,39.745717
2014189398530900,2014-04-12 10:30:00,5309,harassment,public-disorder,-105.0048694,39.744035
2014455702239901,2014-08-29 09:00:00,2399,theft-bicycle,larceny,-105.004669,39.745717
201422609230800,2014-01-10 08:00:00,2308,theft-from-bldg,larceny,-105.004669,39.745717
2014228699230800,2014-05-05 15:30:00,2308,theft-from-bldg,larceny,-105.004669,39.745717
2014228042220300,2014-05-04 15:40:00,2203,burglary-business-by-force,burglary,-105.004669,39.745717
2014347975549902,2014-07-06 03:48:00,5499,vehicular-eluding-no-chase,all-other-crimes,-105.0024895,39.7476542
2014406486351200,2014-08-04 16:05:00,3512,drug-heroin-possess,drug-alcohol,-105.0048694,39.744035
2014433899239901,2014-08-18 11:00:00,2399,theft-bicycle,larceny,-105.0025512,39.7459743
2014241642230800,2014-05-12 17:09:00,2308,theft-from-bldg,larceny,-105.004669,39.745717
2014283895230800,2014-06-03 15:49:00,2308,theft-from-bldg,larceny,-105.004669,39.745717
2014323932239900,2014-06-24 16:22:00,2399,theft-other,larceny,-105.0020304,39.7456976
2014411977230800,2014-08-03 09:00:00,2308,theft-from-bldg,larceny,-105.0020304,39.7456976
2014245531239900,2014-05-10 18:00:00,2399,theft-other,larceny,-105.0020304,39.7456976
2014412176544100,2014-08-07 15:35:00,5441,traffic-accident,traffic-accident,-105.0024895,39.7476542
2014481191239900,2014-09-11 11:15:00,2399,theft-other,larceny,-105.0020304,39.7456976
2014482103230800,2014-09-11 15:30:00,2308,theft-from-bldg,larceny,-105.0048694,39.744035
2014245057239901,2014-05-14 11:40:00,2399,theft-bicycle,larceny,-105.0020304,39.7456976
2014558789570700,2014-10-20 21:35:00,5707,criminal-trespassing,Trespassing,-104.9621052,39.6760301
2014519070239900,2014-09-30 18:00:00,2399,theft-other,larceny,-105.004669,39.745717
2014585043239900,2014-10-31 09:00:00,2399,theft-other,larceny,-105.004669,39.745717
2014574362230800,2014-10-23 18:30:00,2308,theft-from-bldg,larceny,-105.0020304,39.7456976
2014589692544100,2014-11-05 09:15:00,5441,traffic-accident,traffic-accident,-105.0019915,39.747674
2014524074299900,2014-10-02 06:00:00,2999,criminal-mischief-other,public-disorder,-105.0048694,39.744035
2014507447570700,2014-09-24 23:25:00,5707,criminal-trespassing,Trespassing,-105.0024895,39.7476542
20146006410230800,2014-07-09 17:00:00,2308,theft-from-bldg,larceny,-104.9617784,39.6778872
2014558328239900,2014-10-20 11:15:00,2399,theft-other,larceny,-105.004669,39.745717
2014488031570700,2014-09-15 03:45:00,5707,criminal-trespassing,Trespassing,-104.9617784,39.6778872
20145002541131600,2014-08-08 08:30:00,1316,threats-to-injure,public-disorder,-105.0025512,39.7459743
2014488926239900,2014-09-15 13:10:00,2399,theft-other,larceny,-105.004669,39.745717
2014536570239900,2014-10-09 11:30:00,2399,theft-other,larceny,-105.004669,39.745717
2015155873501600,2015-03-21 08:00:00,5016,violation-of-restraining-order,all-other-crimes,-105.004669,39.745717
2014592338239901,2014-11-06 15:15:00,2399,theft-bicycle,larceny,-105.004669,39.745717
2015124359570700,2015-03-06 00:25:00,5707,criminal-trespassing,Trespassing,-105.0020304,39.7456976
2015124415549900,2015-03-06 01:14:00,5499,traf-other,all-other-crimes,-105.0026267,39.7458593
2015169480544100,2015-03-28 14:20:00,5441,traffic-accident,traffic-accident,-105.0019915,39.747674
2014635999299900,2014-11-30 07:00:00,2999,criminal-mischief-other,public-disorder,-105.004669,39.745717
2014637572230800,2014-11-26 16:00:00,2308,theft-from-bldg,larceny,-105.004669,39.745717
2015186242549900,2015-04-06 02:08:00,5499,traf-other,all-other-crimes,-105.0026267,39.7458593
2015313956357200,2015-06-06 17:30:00,3572,drug-methampetamine-possess,drug-alcohol,-105.0020304,39.7456976
2014627205220500,2014-11-24 16:00:00,2205,burglary-business-no-force,burglary,-105.004669,39.745717
2014655648220300,2014-12-09 18:00:00,2203,burglary-business-by-force,burglary,-105.004669,39.745717
2014655896540100,2014-12-11 04:53:00,5401,traffic-accident-hit-and-run,traffic-accident,-105.0024895,39.7476542
20147340544100,2014-01-05 09:50:00,5441,traffic-accident,traffic-accident,-105.0019915,39.747674
2015289714570700,2015-05-26 16:50:00,5707,criminal-trespassing,Trespassing,-105.0020304,39.7456976
2015236901239901,2015-04-29 18:30:00,2399,theft-bicycle,larceny,-105.0020304,39.7456976
2015208066239900,2015-04-10 12:30:00,2399,theft-other,larceny,-105.004669,39.745717
201523538120200,2015-01-13 11:48:00,1202,robbery-business,robbery,-105.004669,39.745717
2015292353570700,2015-05-27 21:20:00,5707,criminal-trespassing,Trespassing,-105.0020304,39.7456976
2015320694570700,2015-06-09 08:30:00,5707,criminal-trespassing,Trespassing,-105.0020304,39.7456976
2015239651549900,2015-05-02 02:04:00,5499,traf-other,all-other-crimes,-105.0026267,39.7458593
2015348649531200,2015-06-22 21:17:00,5312,disturbing-the-peace,public-disorder,-105.004669,39.745717
2015200823299900,2015-04-12 10:30:00,2999,criminal-mischief-other,public-disorder,-105.0020304,39.7456976
2015349948410400,2015-06-23 13:30:00,4104,liquor-possession,drug-alcohol,-105.0047707,39.7449103
2015363495549900,2015-06-29 13:40:00,5499,traf-other,all-other-crimes,-105.0024895,39.7476542
2015297867544100,2015-05-30 13:00:00,5441,traffic-accident,traffic-accident,-105.0024895,39.7476542
2015353914544100,2015-06-25 08:00:00,5441,traffic-accident,traffic-accident,-105.0020304,39.7456976
2015352390570700,2015-06-24 14:43:00,5707,criminal-trespassing,Trespassing,-105.004669,39.745717
2015398613230800,2015-07-14 14:45:00,2308,theft-from-bldg,larceny,-105.0020304,39.7456976
2015446567520300,2015-08-06 13:16:00,5203,weapon-carrying-prohibited,all-other-crimes,-105.004669,39.745717
2015342689570700,2015-06-20 04:15:00,5707,criminal-trespassing,Trespassing,-105.0025512,39.7459743
2015342689220600,2015-06-20 04:15:00,2206,burglary-poss-of-tools,burglary,-105.0025512,39.7459743
2015339553539900,2015-06-18 17:21:00,5399,public-peace-other,public-disorder,-105.004669,39.745717
2015339697239901,2015-06-18 18:20:00,2399,theft-bicycle,larceny,-105.004669,39.745717
2015472889239900,2015-08-18 12:15:00,2399,theft-other,larceny,-105.004669,39.745717
20155003492239900,2015-07-13 00:00:00,2399,theft-other,larceny,-105.004669,39.745717
20155003493239900,2015-07-30 00:00:00,2399,theft-other,larceny,-105.004669,39.745717
20155003827250100,2015-06-16 09:00:00,2501,forgery-checks,white-collar-crime,-105.004669,39.745717
2015537791501601,2015-09-16 14:06:00,5016,violation-of-court-order,all-other-crimes,-105.004669,39.745717
2015538099239900,2015-09-16 14:30:00,2399,theft-other,larceny,-105.004669,39.745717
2015474969239900,2015-08-17 14:00:00,2399,theft-other,larceny,-105.004669,39.745717
2015474700489900,2015-08-19 11:40:00,4899,police-interference,all-other-crimes,-105.0048694,39.744035
2015410374739902,2015-07-20 18:34:00,7399,public-order-crimes-other,all-other-crimes,-105.0024895,39.7476542
2015410374544100,2015-07-20 18:34:00,5441,traffic-accident,traffic-accident,-105.0024895,39.7476542
20155534570700,2015-01-04 00:00:00,5707,criminal-trespassing,Trespassing,-104.9617784,39.6778872
201554063239900,2015-01-28 13:15:00,2399,theft-other,larceny,-105.004669,39.745717
2015475615131600,2015-08-19 07:15:00,1316,threats-to-injure,public-disorder,-105.004669,39.745717
2015513065131300,2015-09-05 02:00:00,1313,assault-simple,other-crimes-against-persons,-105.0019915,39.747674
20155002634299901,2015-07-20 18:15:00,2999,criminal-mischief-mtr-veh,public-disorder,-105.0024895,39.7476542
20155001779250100,2015-02-09 00:01:00,2501,forgery-checks,white-collar-crime,-105.004669,39.745717
2015513135549900,2015-09-05 02:19:00,5499,traf-other,all-other-crimes,-105.0026267,39.7458593
20155002444239900,2015-03-17 00:01:00,2399,theft-other,larceny,-105.004669,39.745717
2015572508549900,2015-10-01 22:41:00,5499,traf-other,all-other-crimes,-105.0026267,39.7458593
2015495822239900,2015-08-27 13:06:00,2399,theft-other,larceny,-105.004669,39.745717
2015499491531300,2015-08-30 02:46:00,5313,curfew,public-disorder,-104.9621052,39.6760301
2015456141544100,2015-08-10 22:33:00,5441,traffic-accident,traffic-accident,-105.0019915,39.747674
2015626611570700,2015-10-26 13:27:00,5707,criminal-trespassing,Trespassing,-105.0020304,39.7456976
2015726185544100,2015-12-14 14:54:00,5441,traffic-accident,traffic-accident,-105.004669,39.745717
2015615341570700,2015-10-21 08:53:00,5707,criminal-trespassing,Trespassing,-105.004669,39.745717
2015682690570700,2015-11-22 04:34:00,5707,criminal-trespassing,Trespassing,-105.004669,39.745717
2015682714570700,2015-11-22 05:22:00,5707,criminal-trespassing,Trespassing,-105.004669,39.745717
201596725299901,2015-02-18 22:40:00,2999,criminal-mischief-mtr-veh,public-disorder,-105.004669,39.745717
2015602796531200,2015-10-15 15:20:00,5312,disturbing-the-peace,public-disorder,-105.0025512,39.7459743
2015617027570700,2015-10-22 01:00:00,5707,criminal-trespassing,Trespassing,-104.9617784,39.6778872
2015617488570700,2015-10-22 09:40:00,5707,criminal-trespassing,Trespassing,-105.004669,39.745717
2015633294239900,2015-10-15 00:34:00,2399,theft-other,larceny,-105.0020304,39.7456976
2015670899539900,2015-11-16 09:41:00,5399,public-peace-other,public-disorder,-105.004669,39.745717
2015659234239900,2015-11-10 14:30:00,2399,theft-other,larceny,-105.004669,39.745717
2015743916360500,2015-12-23 18:24:00,3605,indecent-exposure,other-crimes-against-persons,-105.004669,39.745717
20156010144239901,2015-10-19 13:00:00,2399,theft-bicycle,larceny,-105.0025512,39.7459743
2015650444570700,2015-11-06 10:30:00,5707,criminal-trespassing,Trespassing,-105.004669,39.745717
2015707018549900,2015-12-05 02:23:00,5499,traf-other,all-other-crimes,-105.0026267,39.7458593
2015677999570700,2015-11-19 22:28:00,5707,criminal-trespassing,Trespassing,-105.0020304,39.7456976
2015707540239901,2015-12-05 07:42:00,2399,theft-bicycle,larceny,-105.0020304,39.7456976
2015706153230800,2015-12-04 15:30:00,2308,theft-from-bldg,larceny,-105.0048694,39.744035
2015736160570700,2015-12-19 16:12:00,5707,criminal-trespassing,Trespassing,-105.004669,39.745717
2015736160501601,2015-12-19 16:12:00,5016,violation-of-court-order,all-other-crimes,-105.004669,39.745717
2015606313353200,2015-10-17 02:18:00,3532,drug-cocaine-possess,drug-alcohol,-105.0026267,39.7458593
201591451549900,2015-02-15 23:30:00,5499,traf-other,all-other-crimes,-105.0024895,39.7476542
2016329039239900,2016-05-12 14:20:00,2399,theft-other,larceny,-105.0020304,39.7456976
2016182848540100,2016-03-23 19:45:00,5401,traffic-accident-hit-and-run,traffic-accident,-105.0024895,39.7476542
2016210636540100,2016-03-29 10:30:00,5401,traffic-accident-hit-and-run,traffic-accident,-104.9621052,39.6760301
2015680435544100,2015-11-21 00:20:00,5441,traffic-accident,traffic-accident,-104.9617784,39.6778872
2015680535549900,2015-11-21 01:06:00,5499,traf-other,all-other-crimes,-105.0026267,39.7458593
2016116039239900,2016-02-23 16:35:00,2399,theft-other,larceny,-105.004669,39.745717
2016286642354200,2016-05-08 02:29:00,3542,drug-synth-narcotic-possess,drug-alcohol,-105.0026267,39.7458593
2016336875489900,2016-05-30 00:45:00,4899,police-interference,all-other-crimes,-105.0026267,39.7458593
2016336875549900,2016-05-30 00:45:00,5499,traf-other,all-other-crimes,-105.0026267,39.7458593
2016336577570700,2016-05-29 21:54:00,5707,criminal-trespassing,Trespassing,-104.9617784,39.6778872
2016193712570700,2016-03-28 23:46:00,5707,criminal-trespassing,Trespassing,-105.0020304,39.7456976
2016131990239900,2016-03-01 11:30:00,2399,theft-other,larceny,-105.004669,39.745717
2016202916544100,2016-04-01 23:53:00,5441,traffic-accident,traffic-accident,-105.0024895,39.7476542
201614892570700,2016-01-08 04:24:00,5707,criminal-trespassing,Trespassing,-105.004669,39.745717
201616281230800,2016-01-07 15:30:00,2308,theft-from-bldg,larceny,-105.004669,39.745717
2016177493570700,2016-04-17 21:05:00,5707,criminal-trespassing,Trespassing,-105.0020304,39.7456976
2016219510549900,2016-04-09 02:03:00,5499,traf-other,all-other-crimes,-105.0020304,39.7456976
2016441793739902,2016-07-13 01:15:00,7399,public-order-crimes-other,all-other-crimes,-105.0024895,39.7476542
2016281428549900,2016-05-06 00:05:00,5499,traf-other,all-other-crimes,-105.0026267,39.7458593
2016557646239901,2016-08-31 15:15:00,2399,theft-bicycle,larceny,-105.0020304,39.7456976
2016408868131600,2016-06-23 10:53:00,1316,threats-to-injure,public-disorder,-104.9621052,39.6760301
2016474176230800,2016-07-27 08:20:00,2308,theft-from-bldg,larceny,-105.0020304,39.7456976
2016348312570700,2016-06-03 23:48:00,5707,criminal-trespassing,Trespassing,-105.0020304,39.7456976
20164786544100,2016-01-03 08:35:00,5441,traffic-accident,traffic-accident,-105.0024895,39.7476542
2016432412239900,2016-07-08 17:50:00,2399,theft-other,larceny,-105.0024895,39.7476542
201640293220500,2016-01-19 16:40:00,2205,burglary-business-no-force,burglary,-105.004669,39.745717
201636914570700,2016-01-18 14:34:00,5707,criminal-trespassing,Trespassing,-105.004669,39.745717
2016469711239901,2016-07-24 11:24:00,2399,theft-bicycle,larceny,-105.004669,39.745717
2016469848351200,2016-07-25 10:45:00,3512,drug-heroin-possess,drug-alcohol,-105.0048694,39.744035
2016424261239900,2016-07-05 08:00:00,2399,theft-other,larceny,-105.004669,39.745717
2016598384549900,2016-09-18 02:14:00,5499,traf-other,all-other-crimes,-105.0026267,39.7458593
2016535759239901,2016-08-22 16:45:00,2399,theft-bicycle,larceny,-105.0025512,39.7459743
20166002806230500,2016-03-22 10:45:00,2305,theft-items-from-vehicle,theft-from-motor-vehicle,-105.0024895,39.7476542
2016676752549900,2016-10-22 15:15:00,5499,traf-other,all-other-crimes,-105.0024895,39.7476542
20167068830239901,2016-11-03 16:15:00,2399,theft-bicycle,larceny,-105.0020304,39.7456976
2016587994239901,2016-09-13 09:30:00,2399,theft-bicycle,larceny,-105.0048694,39.744035
2016737580131600,2016-11-17 14:47:00,1316,threats-to-injure,public-disorder,-105.004669,39.745717
2016737580539900,2016-11-17 14:47:00,5399,public-peace-other,public-disorder,-105.004669,39.745717
2016737580531200,2016-11-17 14:47:00,5312,disturbing-the-peace,public-disorder,-105.004669,39.745717
2016620346239900,2016-09-23 17:00:00,2399,theft-other,larceny,-105.0025512,39.7459743
20166003730230800,2016-04-10 15:15:00,2308,theft-from-bldg,larceny,-104.9617784,39.6778872
2016688583239900,2016-10-27 10:00:00,2399,theft-other,larceny,-105.0022825,39.7462505
201667216544100,2016-02-01 09:57:00,5441,traffic-accident,traffic-accident,-105.0024895,39.7476542
2016666970544100,2016-10-18 08:20:00,5441,traffic-accident,traffic-accident,-105.0024895,39.7476542
2016702918239901,2016-11-01 14:45:00,2399,theft-bicycle,larceny,-105.0048694,39.744035
2016686681544100,2016-10-26 16:30:00,5441,traffic-accident,traffic-accident,-105.0024895,39.7476542
2017186726540100,2017-03-21 14:50:00,5401,traffic-accident-hit-and-run,traffic-accident,-105.0024895,39.7476542
2016768782230800,2016-11-21 11:00:00,2308,theft-from-bldg,larceny,-105.0022825,39.7462505
2016705162570700,2016-11-03 07:50:00,5707,criminal-trespassing,Trespassing,-105.0024895,39.7476542
2016748696131500,2016-11-22 19:25:00,1315,aggravated-assault,aggravated-assault,-105.0022825,39.7462505
2016732661131300,2016-11-15 12:45:00,1313,assault-simple,other-crimes-against-persons,-105.0048694,39.744035
2016656061544100,2016-10-13 10:57:00,5441,traffic-accident,traffic-accident,-105.0024895,39.7476542
20166703570700,2016-01-04 08:40:00,5707,criminal-trespassing,Trespassing,-105.004669,39.745717
2016808823570700,2016-12-20 17:32:00,5707,criminal-trespassing,Trespassing,-105.0020304,39.7456976
2017154563480300,2017-03-07 19:53:00,4803,police-false-information,all-other-crimes,-105.0048694,39.744035
2016645704542000,2016-10-08 18:24:00,5420,traffic-accident-dui-duid,traffic-accident,-105.004669,39.745717
2017163810544100,2017-03-11 16:15:00,5441,traffic-accident,traffic-accident,-105.0024895,39.7476542
2017238277544100,2017-04-12 18:50:00,5441,traffic-accident,traffic-accident,-105.0024895,39.7476542
2017226348540100,2017-04-07 20:00:00,5401,traffic-accident-hit-and-run,traffic-accident,-105.0024895,39.7476542
2017236997299902,2017-04-11 08:30:00,2999,criminal-mischief-graffiti,public-disorder,-105.004669,39.745717
2017251127220500,2017-04-17 06:17:00,2205,burglary-business-no-force,burglary,-105.004669,39.745717
201681343299901,2016-02-07 01:15:00,2999,criminal-mischief-mtr-veh,public-disorder,-105.0020304,39.7456976
2017211451230800,2017-03-29 20:00:00,2308,theft-from-bldg,larceny,-105.0022825,39.7462505
2016771886544100,2016-12-03 22:45:00,5441,traffic-accident,traffic-accident,-105.0024895,39.7476542
2016771484544100,2016-12-03 18:51:00,5441,traffic-accident,traffic-accident,-105.0024895,39.7476542
2017207429230800,2017-03-29 17:30:00,2308,theft-from-bldg,larceny,-105.004669,39.745717
2016759659410400,2016-11-28 15:40:00,4104,liquor-possession,drug-alcohol,-105.0024895,39.7476542
2016775666480300,2016-12-05 17:10:00,4803,police-false-information,all-other-crimes,-105.0024895,39.7476542
2017147380544100,2017-03-04 19:03:00,5441,traffic-accident,traffic-accident,-105.0024895,39.7476542
2017147515544100,2017-03-04 20:04:00,5441,traffic-accident,traffic-accident,-105.0024895,39.7476542
2016764488239900,2016-11-30 09:44:00,2399,theft-other,larceny,-105.004669,39.745717
2017211778531200,2017-04-01 13:49:00,5312,disturbing-the-peace,public-disorder,-105.004669,39.745717
2016765059540100,2016-11-30 21:47:00,5401,traffic-accident-hit-and-run,traffic-accident,-105.0024895,39.7476542
2017224275351200,2017-04-07 00:19:00,3512,drug-heroin-possess,drug-alcohol,-105.0020304,39.7456976
2016761721570700,2016-11-29 13:47:00,5707,criminal-trespassing,Trespassing,-105.0022825,39.7462505
201676264230800,2016-02-05 13:00:00,2308,theft-from-bldg,larceny,-105.004669,39.745717
2016817414544100,2016-12-24 21:15:00,5441,traffic-accident,traffic-accident,-105.0024895,39.7476542
2017230392570700,2017-04-09 13:02:00,5707,criminal-trespassing,Trespassing,-105.004669,39.745717
2017230392480300,2017-04-09 13:02:00,4803,police-false-information,all-other-crimes,-105.004669,39.745717
201733803544100,2017-01-16 15:15:00,5441,traffic-accident,traffic-accident,-105.0024895,39.7476542
2016780854131600,2016-12-08 00:56:00,1316,threats-to-injure,public-disorder,-105.004669,39.745717
2017103774230800,2017-02-06 15:50:00,2308,theft-from-bldg,larceny,-105.004669,39.745717
2017279664739902,2017-04-30 03:45:00,7399,public-order-crimes-other,all-other-crimes,-104.9621052,39.6760301
2017309705531200,2017-05-12 16:40:00,5312,disturbing-the-peace,public-disorder,-105.004669,39.745717
2017278064544100,2017-04-29 09:00:00,5441,traffic-accident,traffic-accident,-105.0024895,39.7476542
201741946531200,2017-01-19 19:59:00,5312,disturbing-the-peace,public-disorder,-105.004669,39.745717
2017482150230800,2017-07-21 12:11:00,2308,theft-from-bldg,larceny,-105.0020304,39.7456976
2017408207250300,2017-06-17 08:00:00,2503,forgery-counterfeit-of-obj,white-collar-crime,-105.004669,39.745717
2017344677544100,2017-05-27 17:08:00,5441,traffic-accident,traffic-accident,-105.0024895,39.7476542
2017403416570700,2017-06-20 13:04:00,5707,criminal-trespassing,Trespassing,-105.004669,39.745717
2017285108544100,2017-05-02 14:03:00,5441,traffic-accident,traffic-accident,-105.0024895,39.7476542
2017339852239901,2017-05-25 10:08:00,2399,theft-bicycle,larceny,-105.0020304,39.7456976
201784685570700,2017-02-06 23:39:00,5707,criminal-trespassing,Trespassing,-105.004669,39.745717
2017638252131500,2017-09-22 17:14:00,1315,aggravated-assault,aggravated-assault,-105.0024895,39.7476542
2017560962239901,2017-08-22 18:09:00,2399,theft-bicycle,larceny,-105.0020304,39.7456976
2017674829570700,2017-10-08 00:05:00,5707,criminal-trespassing,Trespassing,-105.0020304,39.7456976
2017653862570700,2017-09-29 14:48:00,5707,criminal-trespassing,Trespassing,-105.004669,39.745717
201788637239900,2017-02-06 16:20:00,2399,theft-other,larceny,-105.0022825,39.7462505
2018113802570700,2018-02-16 22:16:00,5707,criminal-trespassing,Trespassing,-104.9617784,39.6778872
2018118644542000,2018-02-19 02:45:00,5420,traffic-accident-dui-duid,traffic-accident,-105.0024895,39.7476542
2017681778357200,2017-10-11 04:30:00,3572,drug-methampetamine-possess,drug-alcohol,-104.9617784,39.6778872
2017649777239901,2017-09-27 18:40:00,2399,theft-bicycle,larceny,-105.0020304,39.7456976
2017656616549900,2017-09-30 16:40:00,5499,traf-other,all-other-crimes,-105.0024895,39.7476542
201859624544100,2018-01-25 14:28:00,5441,traffic-accident,traffic-accident,-105.0024895,39.7476542
201773295544100,2017-02-02 06:50:00,5441,traffic-accident,traffic-accident,-105.0024895,39.7476542
2018157307544100,2018-03-07 18:53:00,5441,traffic-accident,traffic-accident,-105.0024895,39.7476542
2017541505544100,2017-08-14 20:50:00,5441,traffic-accident,traffic-accident,-105.0024895,39.7476542
2017687502299900,2017-10-12 17:00:00,2999,criminal-mischief-other,public-disorder,-105.0049822,39.7426573
2017378857230800,2017-06-09 17:00:00,2308,theft-from-bldg,larceny,-105.004669,39.745717
2017462966230800,2017-07-13 13:30:00,2308,theft-from-bldg,larceny,-105.004669,39.745717
201747438239900,2017-01-16 12:10:00,2399,theft-other,larceny,-105.004669,39.745717
2017595828239901,2017-08-31 11:30:00,2399,theft-bicycle,larceny,-105.0020232,39.7462164
2017305672299901,2017-05-10 23:37:00,2999,criminal-mischief-mtr-veh,public-disorder,-105.0019915,39.747674
2017317433489900,2017-05-15 22:48:00,4899,police-interference,all-other-crimes,-105.0020304,39.7456976
2017601782501601,2017-09-07 22:38:00,5016,violation-of-court-order,all-other-crimes,-105.0026267,39.7458593
2017291644220500,2017-05-04 19:00:00,2205,burglary-business-no-force,burglary,-105.004669,39.745717
2017598502570700,2017-09-06 16:35:00,5707,criminal-trespassing,Trespassing,-105.004669,39.745717
2017256585544400,2017-04-20 08:45:00,5444,traf-habitual-offender,all-other-crimes,-105.0026267,39.7458593
201754977239900,2017-01-25 15:05:00,2399,theft-other,larceny,-105.004669,39.745717
2017575029220300,2017-08-25 18:00:00,2203,burglary-business-by-force,burglary,-105.004669,39.745717
2017551927570700,2017-08-18 11:05:00,5707,criminal-trespassing,Trespassing,-105.0020304,39.7456976
2017551927480100,2017-08-18 11:05:00,4801,police-resisting-arrest,all-other-crimes,-105.0020304,39.7456976
20175000215239900,2017-01-13 11:55:00,2399,theft-other,larceny,-105.004669,39.745717
2017533365299900,2017-08-11 11:40:00,2999,criminal-mischief-other,public-disorder,-105.004669,39.745717
2017533365531200,2017-08-11 11:40:00,5312,disturbing-the-peace,public-disorder,-105.004669,39.745717
2017502410540100,2017-07-29 17:28:00,5401,traffic-accident-hit-and-run,traffic-accident,-105.0024895,39.7476542
2017531422299900,2017-08-01 08:00:00,2999,criminal-mischief-other,public-disorder,-105.0020304,39.7456976
2017587815351200,2017-09-02 03:47:00,3512,drug-heroin-possess,drug-alcohol,-105.0020304,39.7456976
2017567175570700,2017-08-25 04:19:00,5707,criminal-trespassing,Trespassing,-105.0020304,39.7456976
2017477177570700,2017-07-19 14:19:00,5707,criminal-trespassing,Trespassing,-105.004669,39.745717
2017566442239901,2017-08-24 17:00:00,2399,theft-bicycle,larceny,-105.0020304,39.7456976
2019254995544100,2019-04-24 10:10:00,5441,traffic-accident,traffic-accident,-105.0024895,39.7476542
2018151067544100,2018-03-04 16:39:00,5441,traffic-accident,traffic-accident,-105.0024895,39.7476542
201990431544100,2019-02-09 14:12:00,5441,traffic-accident,traffic-accident,-105.0024895,39.7476542
2018265715544100,2018-04-20 22:24:00,5441,traffic-accident,traffic-accident,-105.0024895,39.7476542
2018471631544100,2018-07-12 14:52:00,5441,traffic-accident,traffic-accident,-105.0024895,39.7476542
2018559927549900,2018-08-16 23:31:00,5499,traf-other,all-other-crimes,-105.0024895,39.7476542
2018485790540100,2018-07-18 09:05:00,5401,traffic-accident-hit-and-run,traffic-accident,-105.0024895,39.7476542
2018467997544100,2018-07-11 08:32:00,5441,traffic-accident,traffic-accident,-105.0024895,39.7476542
2018614362544100,2018-09-07 20:08:00,5441,traffic-accident,traffic-accident,-105.0024895,39.7476542
2018171192544100,2018-03-13 19:10:00,5441,traffic-accident,traffic-accident,-105.0026267,39.7458593
2018293640530900,2017-12-01 00:00:00,5309,harassment,public-disorder,-105.0022825,39.7462505
2014202985230500,2014-04-21 18:15:00,2305,theft-items-from-vehicle,theft-from-motor-vehicle,-105.0025512,39.7459743
2014325406239901,2014-06-25 09:15:00,2399,theft-bicycle,larceny,-105.0020304,39.7456976
201996848530901,2019-02-09 09:49:00,5309,harassment-dv,public-disorder,-105.0022825,39.7462505
2014601541230800,2014-11-11 09:45:00,2308,theft-from-bldg,larceny,-105.004669,39.745717
2014191309356200,2014-04-16 11:40:00,3562,drug-marijuana-possess,drug-alcohol,-105.0024895,39.7476542
201420649239900,2014-01-11 15:00:00,2399,theft-other,larceny,-105.004669,39.745717
2014638154544100,2014-12-01 18:36:00,5441,traffic-accident,traffic-accident,-105.004669,39.745717
2015103623220300,2015-02-22 17:40:00,2203,burglary-business-by-force,burglary,-105.0020304,39.7456976
2015136041570700,2015-03-11 23:46:00,5707,criminal-trespassing,Trespassing,-104.9617784,39.6778872
2014615875220500,2014-11-19 06:30:00,2205,burglary-business-no-force,burglary,-105.004669,39.745717
2015142711549900,2015-03-15 02:05:00,5499,traf-other,all-other-crimes,-105.0026267,39.7458593
2015137456239901,2015-03-12 14:30:00,2399,theft-bicycle,larceny,-105.004669,39.745717
2015125272239900,2015-03-06 12:17:00,2399,theft-other,larceny,-105.004669,39.745717
2015236153239901,2015-04-30 10:30:00,2399,theft-bicycle,larceny,-105.0020304,39.7456976
2014652595230800,2014-12-09 10:30:00,2308,theft-from-bldg,larceny,-105.0048694,39.744035
2014653102239901,2014-12-09 16:15:00,2399,theft-bicycle,larceny,-105.004669,39.745717
2015279243501600,2015-05-12 15:00:00,5016,violation-of-restraining-order,all-other-crimes,-105.0020304,39.7456976
2015408944570700,2015-07-20 02:30:00,5707,criminal-trespassing,Trespassing,-105.0026267,39.7458593
2014642060239900,2014-12-03 17:00:00,2399,theft-other,larceny,-105.0020304,39.7456976
2015401534230300,2015-07-16 17:25:00,2303,theft-shoplift,larceny,-105.004669,39.745717
2014690510544100,2014-12-31 08:45:00,5441,traffic-accident,traffic-accident,-105.0024895,39.7476542
2015101188570700,2015-02-21 05:01:00,5707,criminal-trespassing,Trespassing,-105.004669,39.745717
2014254212239900,2014-05-12 09:30:00,2399,theft-other,larceny,-105.0020304,39.7456976
2014243519239900,2014-05-13 15:00:00,2399,theft-other,larceny,-105.0020304,39.7456976
2014271598239900,2014-05-27 13:05:00,2399,theft-other,larceny,-105.004669,39.745717
2014433778239901,2014-08-18 07:30:00,2399,theft-bicycle,larceny,-105.0025512,39.7459743
2014433897239901,2014-08-18 11:15:00,2399,theft-bicycle,larceny,-105.0020304,39.7456976
2014595329549900,2014-11-08 02:12:00,5499,traf-other,all-other-crimes,-105.0026267,39.7458593
201476402544100,2014-02-13 13:11:00,5441,traffic-accident,traffic-accident,-105.0019915,39.747674
2014406486355000,2014-08-04 16:05:00,3550,drug-poss-paraphernalia,drug-alcohol,-105.0048694,39.744035
2014507447739902,2014-09-24 23:25:00,7399,public-order-crimes-other,all-other-crimes,-105.0024895,39.7476542
2014532703230800,2014-10-07 14:00:00,2308,theft-from-bldg,larceny,-105.004669,39.745717
2014489378239901,2014-09-15 17:15:00,2399,theft-bicycle,larceny,-105.0020304,39.7456976
2014271396239900,2014-05-13 19:00:00,2399,theft-other,larceny,-105.004669,39.745717
2014646905220500,2014-12-05 16:30:00,2205,burglary-business-no-force,burglary,-105.004669,39.745717
2015602796131600,2015-10-15 15:20:00,1316,threats-to-injure,public-disorder,-105.0025512,39.7459743
20156011288230800,2015-11-13 12:30:00,2308,theft-from-bldg,larceny,-105.0026267,39.7458593
201639521570700,2016-01-19 19:29:00,5707,criminal-trespassing,Trespassing,-105.0020304,39.7456976
2015586908570700,2015-10-08 14:05:00,5707,criminal-trespassing,Trespassing,-105.004669,39.745717
2015629600570700,2015-10-27 19:00:00,5707,criminal-trespassing,Trespassing,-105.004669,39.745717
2015611206239900,2015-10-16 14:00:00,2399,theft-other,larceny,-105.004669,39.745717
2015485285549900,2015-08-24 00:11:00,5499,traf-other,all-other-crimes,-105.0024895,39.7476542
2015410374489900,2015-07-20 18:34:00,4899,police-interference,all-other-crimes,-105.0024895,39.7476542
2016106942570700,2016-02-19 13:30:00,5707,criminal-trespassing,Trespassing,-105.0026267,39.7458593
2015670899570700,2015-11-16 09:41:00,5707,criminal-trespassing,Trespassing,-105.004669,39.745717
201579613240400,2015-02-09 23:30:00,2404,theft-of-motor-vehicle,auto-theft,-105.0047707,39.7449103
2015484225480300,2015-08-23 15:00:00,4803,police-false-information,all-other-crimes,-105.0020304,39.7456976
2015537791570700,2015-09-16 14:06:00,5707,criminal-trespassing,Trespassing,-105.004669,39.745717
2016292089351200,2016-05-10 12:00:00,3512,drug-heroin-possess,drug-alcohol,-105.004669,39.745717
20155003826250100,2015-06-15 09:00:00,2501,forgery-checks,white-collar-crime,-105.004669,39.745717
2016395098230800,2016-06-21 08:00:00,2308,theft-from-bldg,larceny,-105.0025512,39.7459743
201591451544400,2015-02-15 23:30:00,5444,traf-habitual-offender,all-other-crimes,-105.0024895,39.7476542
2016157989239901,2016-04-05 13:00:00,2399,theft-bicycle,larceny,-105.0020304,39.7456976
2015348649410400,2015-06-22 21:17:00,4104,liquor-possession,drug-alcohol,-105.004669,39.745717
2015339553489900,2015-06-18 17:21:00,4899,police-interference,all-other-crimes,-105.004669,39.745717
2015302206739902,2015-06-01 12:25:00,7399,public-order-crimes-other,all-other-crimes,-105.004669,39.745717
2015302247239901,2015-06-01 11:00:00,2399,theft-bicycle,larceny,-105.004669,39.745717
2015320694501601,2015-06-09 08:30:00,5016,violation-of-court-order,all-other-crimes,-105.0020304,39.7456976
2015574155544100,2015-10-02 16:58:00,5441,traffic-accident,traffic-accident,-105.0024895,39.7476542
2015202755220500,2015-04-10 22:00:00,2205,burglary-business-no-force,burglary,-105.0048694,39.744035
2015654458544100,2015-11-08 07:24:00,5441,traffic-accident,traffic-accident,-105.0024895,39.7476542
2015559245549900,2015-09-26 02:50:00,5499,traf-other,all-other-crimes,-105.0026267,39.7458593
2015451165570700,2015-08-08 15:10:00,5707,criminal-trespassing,Trespassing,-105.0020304,39.7456976
2015509877530900,2015-08-10 22:37:00,5309,harassment,public-disorder,-105.004669,39.745717
2015201554230800,2015-04-13 10:15:00,2308,theft-from-bldg,larceny,-105.004669,39.745717
2015628322230800,2015-10-26 08:05:00,2308,theft-from-bldg,larceny,-105.0025512,39.7459743
2015521680239900,2015-09-09 06:30:00,2399,theft-other,larceny,-105.004669,39.745717
2015529582230800,2015-09-12 15:30:00,2308,theft-from-bldg,larceny,-105.004669,39.745717
20155002719239900,2015-05-23 12:00:00,2399,theft-other,larceny,-105.004669,39.745717
2015350518544100,2015-06-23 18:17:00,5441,traffic-accident,traffic-accident,-105.0024895,39.7476542
2015313514539900,2015-06-06 13:58:00,5399,public-peace-other,public-disorder,-105.004669,39.745717
2016409463239901,2016-06-29 12:18:00,2399,theft-bicycle,larceny,-105.004669,39.745717
2016669189357200,2016-10-19 07:25:00,3572,drug-methampetamine-possess,drug-alcohol,-105.0024895,39.7476542
2016611541239901,2016-09-23 08:30:00,2399,theft-bicycle,larceny,-105.0025512,39.7459743
2016680556570700,2016-10-24 06:55:00,5707,criminal-trespassing,Trespassing,-105.0024895,39.7476542
2016415214549900,2016-07-01 23:31:00,5499,traf-other,all-other-crimes,-105.0026267,39.7458593
2016615275357200,2016-09-25 09:30:00,3572,drug-methampetamine-possess,drug-alcohol,-105.004669,39.745717
201656642239901,2016-01-25 14:30:00,2399,theft-bicycle,larceny,-105.0025512,39.7459743
2016780854570700,2016-12-08 00:56:00,5707,criminal-trespassing,Trespassing,-105.004669,39.745717
2016395413131302,2016-06-23 14:50:00,1313,assault-dv,other-crimes-against-persons,-105.004669,39.745717
2016754344540100,2016-11-25 22:14:00,5401,traffic-accident-hit-and-run,traffic-accident,-105.0024895,39.7476542
201712588544100,2017-01-06 23:15:00,5441,traffic-accident,traffic-accident,-105.0024895,39.7476542
201578950230800,2015-02-09 16:35:00,2308,theft-from-bldg,larceny,-105.004669,39.745717
2016218056131600,2016-04-08 11:07:00,1316,threats-to-injure,public-disorder,-105.004669,39.745717
201613827230800,2016-01-07 14:00:00,2308,theft-from-bldg,larceny,-105.004669,39.745717
2017172156570700,2017-03-15 08:30:00,5707,criminal-trespassing,Trespassing,-105.004669,39.745717
201636914489900,2016-01-18 14:34:00,4899,police-interference,all-other-crimes,-105.004669,39.745717
2015682856360500,2015-11-22 08:18:00,3605,indecent-exposure,other-crimes-against-persons,-105.0048694,39.744035
201614892501601,2016-01-08 04:24:00,5016,violation-of-court-order,all-other-crimes,-105.004669,39.745717
2015706897549900,2015-12-05 00:29:00,5499,traf-other,all-other-crimes,-105.0026267,39.7458593
2015742925544100,2015-12-23 08:45:00,5441,traffic-accident,traffic-accident,-105.0024895,39.7476542
20158498299900,2014-12-23 10:00:00,2999,criminal-mischief-other,public-disorder,-105.0025512,39.7459743
201573660549900,2015-02-07 02:04:00,5499,traf-other,all-other-crimes,-105.0026267,39.7458593
201619841360500,2016-01-10 15:19:00,3605,indecent-exposure,other-crimes-against-persons,-105.004669,39.745717
2015709119220500,2015-12-06 03:35:00,2205,burglary-business-no-force,burglary,-105.004669,39.745717
2016345097230800,2016-06-02 17:30:00,2308,theft-from-bldg,larceny,-105.0020304,39.7456976
2016286342549900,2016-05-07 23:13:00,5499,traf-other,all-other-crimes,-105.0026267,39.7458593
201633912542000,2016-01-17 01:10:00,5420,traffic-accident-dui-duid,traffic-accident,-105.0047707,39.7449103
2017648524570700,2017-09-27 10:02:00,5707,criminal-trespassing,Trespassing,-105.0020304,39.7456976
2017312740544100,2017-05-13 21:59:00,5441,traffic-accident,traffic-accident,-105.0024895,39.7476542
2017598156220600,2017-09-06 14:50:00,2206,burglary-poss-of-tools,burglary,-105.0026267,39.7458593
2019166694544100,2019-03-16 09:40:00,5441,traffic-accident,traffic-accident,-105.0024895,39.7476542
2017681778521200,2017-10-11 04:30:00,5212,weapon-poss-illegal-dangerous,all-other-crimes,-104.9617784,39.6778872
2017681778220600,2017-10-11 04:30:00,2206,burglary-poss-of-tools,burglary,-104.9617784,39.6778872
2017230962570700,2017-04-09 20:34:00,5707,criminal-trespassing,Trespassing,-104.9617784,39.6778872
2017640408570700,2017-09-23 16:15:00,5707,criminal-trespassing,Trespassing,-105.0022825,39.7462505
2017592784260600,2017-04-17 09:00:00,2606,fraud-nsf-closed-account,white-collar-crime,-105.004669,39.745717
2017628334570700,2017-09-18 18:01:00,5707,criminal-trespassing,Trespassing,-105.0020304,39.7456976
2016631323570700,2016-10-02 08:35:00,5707,criminal-trespassing,Trespassing,-105.004669,39.745717
2017239478357200,2017-04-13 09:40:00,3572,drug-methampetamine-possess,drug-alcohol,-105.0048694,39.744035
2017512216230800,2017-07-26 14:30:00,2308,theft-from-bldg,larceny,-105.0022825,39.7462505
2016679824570700,2016-10-23 21:00:00,5707,criminal-trespassing,Trespassing,-104.9617784,39.6778872
201665093570700,2016-01-31 04:12:00,5707,criminal-trespassing,Trespassing,-105.004669,39.745717
2017618825239900,2017-08-18 17:00:00,2399,theft-other,larceny,-105.0020304,39.7456976
2017610745501601,2017-09-11 15:14:00,5016,violation-of-court-order,all-other-crimes,-105.0048694,39.744035
2017610775239901,2017-09-11 16:09:00,2399,theft-bicycle,larceny,-105.0026267,39.7458593
2016440455539900,2016-07-12 12:46:00,5399,public-peace-other,public-disorder,-105.0020304,39.7456976
2017551927131600,2017-08-18 11:05:00,1316,threats-to-injure,public-disorder,-105.0020304,39.7456976
2017277703544100,2017-04-29 02:10:00,5441,traffic-accident,traffic-accident,-105.0024895,39.7476542
201637110530900,2015-04-08 12:00:00,5309,harassment,public-disorder,-105.004669,39.745717
201773444544100,2017-02-02 07:30:00,5441,traffic-accident,traffic-accident,-105.0024895,39.7476542
2017419108544100,2017-06-26 17:20:00,5441,traffic-accident,traffic-accident,-105.0024895,39.7476542
2017654996544100,2017-09-29 23:20:00,5441,traffic-accident,traffic-accident,-105.0024895,39.7476542
2016115780489900,2016-02-23 15:25:00,4899,police-interference,all-other-crimes,-105.004669,39.745717
2015533570239900,2015-09-09 15:15:00,2399,theft-other,larceny,-105.0020304,39.7456976
2014436277230800,2014-08-19 15:00:00,2308,theft-from-bldg,larceny,-105.004669,39.745717
2015743916570700,2015-12-23 18:24:00,5707,criminal-trespassing,Trespassing,-105.004669,39.745717
2015258795230800,2015-05-11 09:00:00,2308,theft-from-bldg,larceny,-105.0048694,39.744035
2019160657544100,2019-03-13 12:41:00,5441,traffic-accident,traffic-accident,-105.0024895,39.7476542
2019139891544100,2019-03-04 10:20:00,5441,traffic-accident,traffic-accident,-105.0024895,39.7476542
2017625380544100,2017-09-17 15:00:00,5441,traffic-accident,traffic-accident,-105.0024895,39.7476542
2017677987239900,2017-10-02 15:00:00,2399,theft-other,larceny,-105.0022825,39.7462505
2017317433570700,2017-05-15 22:48:00,5707,criminal-trespassing,Trespassing,-105.0020304,39.7456976
2016769805570700,2016-12-02 21:58:00,5707,criminal-trespassing,Trespassing,-105.004669,39.745717
2017447559544100,2017-07-07 12:57:00,5441,traffic-accident,traffic-accident,-105.004669,39.745717
2017331474239900,2017-05-20 15:30:00,2399,theft-other,larceny,-105.004669,39.745717
2018311601540100,2018-05-09 12:09:00,5401,traffic-accident-hit-and-run,traffic-accident,-105.0024895,39.7476542
2017408430570700,2017-06-22 12:03:00,5707,criminal-trespassing,Trespassing,-105.004669,39.745717
2017370484544100,2017-06-07 07:00:00,5441,traffic-accident,traffic-accident,-105.0024895,39.7476542
2017492701544100,2017-07-25 22:21:00,5441,traffic-accident,traffic-accident,-104.9617784,39.6778872
2016124051549900,2016-02-27 00:17:00,5499,traf-other,all-other-crimes,-105.0026267,39.7458593
2016501631239901,2016-08-08 08:00:00,2399,theft-bicycle,larceny,-105.004669,39.745717
2015513065489900,2015-09-05 02:00:00,4899,police-interference,all-other-crimes,-105.0019915,39.747674
2016477645501601,2016-07-28 17:35:00,5016,violation-of-court-order,all-other-crimes,-105.004669,39.745717
2016409498230800,2016-06-26 16:02:00,2308,theft-from-bldg,larceny,-104.9617784,39.6778872
201661764230800,2016-01-29 15:10:00,2308,theft-from-bldg,larceny,-105.0020304,39.7456976
2015567307531100,2015-09-29 17:49:00,5311,public-fighting,all-other-crimes,-105.0020304,39.7456976
2016698750240400,2016-10-28 15:30:00,2404,theft-of-motor-vehicle,auto-theft,-105.004669,39.745717
2016676752544100,2016-10-22 15:15:00,5441,traffic-accident,traffic-accident,-105.0024895,39.7476542
2016824862540100,2016-12-28 23:53:00,5401,traffic-accident-hit-and-run,traffic-accident,-105.004669,39.745717
2017383739544100,2017-06-12 12:33:00,5441,traffic-accident,traffic-accident,-105.0024895,39.7476542
2017383781220500,2017-06-08 07:00:00,2205,burglary-business-no-force,burglary,-105.004669,39.745717
2015451038299901,2015-08-07 11:21:00,2999,criminal-mischief-mtr-veh,public-disorder,-105.0020235,39.7476659
2016333438299900,2016-09-30 18:00:00,2999,criminal-mischief-other,public-disorder,-105.0025512,39.7459743
2016601189239900,2016-09-19 11:35:00,2399,theft-other,larceny,-105.0025512,39.7459743
2017517507540100,2017-08-01 17:30:00,5401,traffic-accident-hit-and-run,traffic-accident,-105.0024895,39.7476542
2016775666501601,2016-12-05 17:10:00,5016,violation-of-court-order,all-other-crimes,-105.0024895,39.7476542
20156009812239900,2015-10-10 10:25:00,2399,theft-other,larceny,-105.004669,39.745717
2014268130410400,2014-05-26 16:00:00,4104,liquor-possession,drug-alcohol,-105.0024895,39.7476542
2014464107239901,2014-09-02 14:00:00,2399,theft-bicycle,larceny,-105.004669,39.745717
20146008368239901,2014-09-04 10:55:00,2399,theft-bicycle,larceny,-105.0047707,39.7449103
2019223276544100,2019-04-10 07:50:00,5441,traffic-accident,traffic-accident,-105.0024895,39.7476542
2014502647220500,2014-09-09 13:00:00,2205,burglary-business-no-force,burglary,-105.004669,39.745717
2014300572544100,2014-06-12 17:13:00,5441,traffic-accident,traffic-accident,-105.004669,39.745717
2015201423230800,2015-04-13 11:00:00,2308,theft-from-bldg,larceny,-105.004669,39.745717
2014216346230800,2014-04-29 10:20:00,2308,theft-from-bldg,larceny,-105.004669,39.745717
2014188689570700,2014-04-15 00:10:00,5707,criminal-trespassing,Trespassing,-105.0026267,39.7458593
2014272184239900,2014-04-10 12:30:00,2399,theft-other,larceny,-105.004669,39.745717
2015602796739902,2015-10-15 15:20:00,7399,public-order-crimes-other,all-other-crimes,-105.0025512,39.7459743
2015586908539900,2015-10-08 14:05:00,5399,public-peace-other,public-disorder,-105.004669,39.745717
2014347975549900,2014-07-06 03:48:00,5499,traf-other,all-other-crimes,-105.0024895,39.7476542
2014126368299900,2014-03-10 11:00:00,2999,criminal-mischief-other,public-disorder,-105.0025512,39.7459743
2017609709357200,2017-09-11 09:05:00,3572,drug-methampetamine-possess,drug-alcohol,-105.0024895,39.7476542
2019241362544100,2019-04-18 08:17:00,5441,traffic-accident,traffic-accident,-105.0024895,39.7476542
2017622925544100,2017-09-16 13:01:00,5441,traffic-accident,traffic-accident,-105.0024895,39.7476542
2018381851544100,2018-06-07 08:24:00,5441,traffic-accident,traffic-accident,-105.0024895,39.7476542
2018326983544100,2018-05-15 13:20:00,5441,traffic-accident,traffic-accident,-105.0024895,39.7476542
2016737580570700,2016-11-17 14:47:00,5707,criminal-trespassing,Trespassing,-105.004669,39.745717
2018417911544100,2018-06-22 05:03:00,5441,traffic-accident,traffic-accident,-105.0024895,39.7476542
2017597382570700,2017-09-06 08:50:00,5707,criminal-trespassing,Trespassing,-105.0020304,39.7456976
2017554124544100,2017-08-19 22:13:00,5441,traffic-accident,traffic-accident,-105.0024895,39.7476542
2017533365539900,2017-08-11 11:40:00,5399,public-peace-other,public-disorder,-105.004669,39.745717
2017772345299900,2017-11-15 12:30:00,2999,criminal-mischief-other,public-disorder,-105.0020304,39.7456976
2017696884239901,2017-10-17 07:30:00,2399,theft-bicycle,larceny,-105.0022825,39.7462505
2017738279544100,2017-11-03 11:30:00,5441,traffic-accident,traffic-accident,-105.0024895,39.7476542
2017712566544100,2017-10-23 17:20:00,5441,traffic-accident,traffic-accident,-105.0024895,39.7476542
2017755655544100,2017-11-10 16:40:00,5441,traffic-accident,traffic-accident,-105.0024895,39.7476542
20176010149230800,2017-10-26 11:15:00,2308,theft-from-bldg,larceny,-104.9617784,39.6778872
2017744177220300,2017-11-03 18:00:00,2203,burglary-business-by-force,burglary,-104.9621052,39.6760301
20176010582230800,2017-11-08 18:00:00,2308,theft-from-bldg,larceny,-104.9617784,39.6778872
2017759679570700,2017-11-12 10:20:00,5707,criminal-trespassing,Trespassing,-105.0020304,39.7456976
20165001826360500,2016-05-06 00:06:00,3605,indecent-exposure,other-crimes-against-persons,-104.9617784,39.6778872
2017755951544100,2017-11-10 16:30:00,5441,traffic-accident,traffic-accident,-105.0024895,39.7476542
2017773532540100,2017-11-17 18:29:00,5401,traffic-accident-hit-and-run,traffic-accident,-105.0024895,39.7476542
2017778577570700,2017-11-20 00:40:00,5707,criminal-trespassing,Trespassing,-104.9617784,39.6778872
2017653862480300,2017-09-29 14:48:00,4803,police-false-information,all-other-crimes,-105.004669,39.745717
2016328759570700,2016-05-26 12:14:00,5707,criminal-trespassing,Trespassing,-105.004669,39.745717
201778242540100,2017-02-04 02:55:00,5401,traffic-accident-hit-and-run,traffic-accident,-105.0024895,39.7476542
2017209062530900,2017-03-30 12:00:00,5309,harassment,public-disorder,-105.004669,39.745717
201634919570700,2016-01-17 15:25:00,5707,criminal-trespassing,Trespassing,-105.0020304,39.7456976
2016290570570700,2016-05-09 20:02:00,5707,criminal-trespassing,Trespassing,-104.9617784,39.6778872
201652858230800,2016-01-25 17:10:00,2308,theft-from-bldg,larceny,-105.004669,39.745717
2016811987530900,2016-10-11 07:00:00,5309,harassment,public-disorder,-105.004669,39.745717
2016674417239901,2016-10-19 16:45:00,2399,theft-bicycle,larceny,-105.0048694,39.744035
2017346632299901,2017-05-27 17:00:00,2999,criminal-mischief-mtr-veh,public-disorder,-105.0024895,39.7476542
2016235187549900,2016-04-15 21:30:00,5499,traf-other,all-other-crimes,-105.0026267,39.7458593
2017582413570700,2017-08-31 04:30:00,5707,criminal-trespassing,Trespassing,-105.004669,39.745717
2017667464570700,2017-10-05 03:15:00,5707,criminal-trespassing,Trespassing,-105.004669,39.745717
2016472622230800,2016-07-26 14:50:00,2308,theft-from-bldg,larceny,-105.0020304,39.7456976
201744086299901,2017-01-20 19:00:00,2999,criminal-mischief-mtr-veh,public-disorder,-105.0024895,39.7476542
2018610942544100,2018-09-06 14:16:00,5441,traffic-accident,traffic-accident,-105.0026267,39.7458593
2018625078544100,2018-09-12 08:24:00,5441,traffic-accident,traffic-accident,-105.0024895,39.7476542
20176011891239900,2017-12-01 16:30:00,2399,theft-other,larceny,-105.0022825,39.7462505
2017806747549900,2017-12-02 20:51:00,5499,traf-other,all-other-crimes,-105.0024895,39.7476542
2018625060544100,2018-09-12 08:00:00,5441,traffic-accident,traffic-accident,-105.0024895,39.7476542
2018639194544100,2018-09-17 16:18:00,5441,traffic-accident,traffic-accident,-105.0024895,39.7476542
2018497155540100,2018-07-22 01:30:00,5401,traffic-accident-hit-and-run,traffic-accident,-105.0019915,39.747674
2018610239544100,2018-09-06 10:13:00,5441,traffic-accident,traffic-accident,-105.0024895,39.7476542
2018659332531100,2018-09-25 14:17:00,5311,public-fighting,all-other-crimes,-105.0020304,39.7456976
2018640162544100,2018-09-18 01:31:00,5441,traffic-accident,traffic-accident,-105.0024895,39.7476542
2018585055131601,2017-05-01 17:00:00,1316,harassment-stalking-dv,public-disorder,-105.0023633,39.7458994
2018601318531100,2018-09-02 19:01:00,5311,public-fighting,all-other-crimes,-105.0026267,39.7458593
2017787484544100,2017-11-24 09:25:00,5441,traffic-accident,traffic-accident,-105.0024895,39.7476542
2018528204549900,2018-08-04 03:01:00,5499,traf-other,all-other-crimes,-105.0024895,39.7476542
2018536296544100,2018-08-07 13:02:00,5441,traffic-accident,traffic-accident,-105.0024895,39.7476542
2017830707299900,2017-12-12 10:00:00,2999,criminal-mischief-other,public-disorder,-105.0020304,39.7456976
2017830707239901,2017-12-12 10:00:00,2399,theft-bicycle,larceny,-105.0020304,39.7456976
2018781121544100,2018-11-16 08:20:00,5441,traffic-accident,traffic-accident,-105.0024895,39.7476542
2018756848131302,2018-11-05 20:01:00,1313,assault-dv,other-crimes-against-persons,-105.0020304,39.7456976
2018710018540100,2018-10-09 18:53:00,5401,traffic-accident-hit-and-run,traffic-accident,-105.0026267,39.7458593
2018710798540100,2018-10-17 13:15:00,5401,traffic-accident-hit-and-run,traffic-accident,-105.0024895,39.7476542
2018723100544100,2018-10-22 13:52:00,5441,traffic-accident,traffic-accident,-105.0024895,39.7476542
2018680390549900,2018-10-04 02:25:00,5499,traf-other,all-other-crimes,-105.0024895,39.7476542
2018844477544100,2018-12-14 21:04:00,5441,traffic-accident,traffic-accident,-105.0024895,39.7476542
2018691346544100,2018-10-08 19:55:00,5441,traffic-accident,traffic-accident,-105.0024895,39.7476542
2018834032544100,2018-12-10 14:35:00,5441,traffic-accident,traffic-accident,-105.0024895,39.7476542
2020569289299900,2020-09-09 00:00:00,2999,criminal-mischief-other,public-disorder,-105.0020304,39.7456976
2018560539299900,2018-08-16 03:44:00,2999,criminal-mischief-other,public-disorder,-105.0026267,39.7458593
2018630528299900,2018-09-07 17:00:00,2999,criminal-mischief-other,public-disorder,-105.0020304,39.7456976
201994258299900,2019-02-08 18:00:00,2999,criminal-mischief-other,public-disorder,-105.0022825,39.7462505
2018792464299900,2018-11-20 15:30:00,2999,criminal-mischief-other,public-disorder,-105.0048694,39.744035
2018441068299900,2018-07-01 04:15:00,2999,criminal-mischief-other,public-disorder,-105.0022825,39.7462505
2022226113299900,2022-05-03 04:10:00,2999,criminal-mischief-other,public-disorder,-105.0020304,39.7456976
2021118066299900,2021-02-27 05:37:00,2999,criminal-mischief-other,public-disorder,-105.0022825,39.7462505
2020389847299900,2020-06-26 21:17:00,2999,criminal-mischief-other,public-disorder,-105.0022825,39.7462505
2018334868299900,2018-05-18 14:30:00,2999,criminal-mischief-other,public-disorder,-105.0045108,39.7449476
2019666656299900,2019-10-17 16:51:00,2999,criminal-mischief-other,public-disorder,-105.0020304,39.7456976
2021263248299900,2021-05-07 12:00:00,2999,criminal-mischief-other,public-disorder,-105.0020304,39.7456976
2022114453299900,2022-03-07 13:41:00,2999,criminal-mischief-other,public-disorder,-105.0020304,39.7456976
2019740960299900,2019-11-21 00:00:00,2999,criminal-mischief-other,public-disorder,-105.0048694,39.744035
2020390180299901,2020-06-26 21:17:00,2999,criminal-mischief-mtr-veh,public-disorder,-105.0022825,39.7462505
20226019032299901,2022-10-08 14:00:00,2999,criminal-mischief-mtr-veh,public-disorder,-105.0020304,39.7456976
2018441068299902,2018-07-01 04:15:00,2999,criminal-mischief-graffiti,public-disorder,-105.0022825,39.7462505
2018619466299902,2018-09-09 23:48:00,2999,criminal-mischief-graffiti,public-disorder,-105.0022825,39.7462505
202265781299902,2022-02-08 14:06:00,2999,criminal-mischief-graffiti,public-disorder,-105.0020304,39.7456976
2020599952353000,2020-10-07 16:03:00,3530,drug-cocaine-sell,drug-alcohol,-105.0024895,39.7476542
2018643624353200,2018-09-19 10:50:00,3532,drug-cocaine-possess,drug-alcohol,-105.0026267,39.7458593
201895276353200,2018-02-09 02:30:00,3532,drug-cocaine-possess,drug-alcohol,-105.0026267,39.7458593
2018558630357200,2018-08-17 12:00:00,3572,drug-methampetamine-possess,drug-alcohol,-105.0020304,39.7456976
2018756958357200,2018-11-05 21:02:00,3572,drug-methampetamine-possess,drug-alcohol,-105.0024895,39.7476542
2019501436359900,2019-08-09 01:40:00,3599,drug-pcs-other-drug,drug-alcohol,-105.0048694,39.744035
2020530833480100,2020-09-02 09:45:00,4801,police-resisting-arrest,all-other-crimes,-105.0024895,39.7476542
202241769480100,2022-08-14 23:49:00,4801,police-resisting-arrest,all-other-crimes,-105.0020304,39.7456976
2020120973480300,2020-02-25 08:50:00,4803,police-false-information,all-other-crimes,-105.0020304,39.7456976
2019560840480300,2019-09-03 00:24:00,4803,police-false-information,all-other-crimes,-105.0020304,39.7456976
2018572854480300,2018-08-22 10:05:00,4803,police-false-information,all-other-crimes,-105.0022825,39.7462505
2022393162480300,2022-08-02 09:20:00,4803,police-false-information,all-other-crimes,-105.0022825,39.7462505
2022314608480300,2022-06-21 15:11:00,4803,police-false-information,all-other-crimes,-105.0022825,39.7462505
202013269480300,2020-01-06 23:43:00,4803,police-false-information,all-other-crimes,-105.0020304,39.7456976
2021174840489900,2021-03-27 16:15:00,4899,police-interference,all-other-crimes,-105.0044062,39.7446617
2020530833490100,2020-09-02 09:45:00,4901,escape,all-other-crimes,-105.0024895,39.7476542
2021118066501600,2021-02-27 05:37:00,5016,violation-of-restraining-order,all-other-crimes,-105.0022825,39.7462505
201996848501600,2019-02-09 09:49:00,5016,violation-of-restraining-order,all-other-crimes,-105.0022825,39.7462505
2019163108501601,2019-03-14 12:30:00,5016,violation-of-court-order,all-other-crimes,-105.0022825,39.7462505
2018238093501601,2018-04-10 09:15:00,5016,violation-of-court-order,all-other-crimes,-105.0024895,39.7476542
2019803905501601,2019-12-22 02:04:00,5016,violation-of-court-order,all-other-crimes,-105.0024895,39.7476542
2018196301501601,2018-03-24 01:01:00,5016,violation-of-court-order,all-other-crimes,-105.0024895,39.7476542
2018357900501601,2018-05-28 11:05:00,5016,violation-of-court-order,all-other-crimes,-105.0024895,39.7476542
2022368533521200,2022-07-20 09:50:00,5212,weapon-poss-illegal-dangerous,all-other-crimes,-105.0024895,39.7476542
2021277102521200,2021-05-17 01:27:00,5212,weapon-poss-illegal-dangerous,all-other-crimes,-105.0020304,39.7456976
2019151046521201,2019-03-09 02:11:00,5212,weapon-by-prev-offender-powpo,all-other-crimes,-105.0024142,39.7477362
2021568601521300,2021-10-03 22:28:00,5213,weapon-unlawful-discharge-of,all-other-crimes,-105.0024895,39.7476542
2021161474521300,2021-03-21 02:08:00,5213,weapon-unlawful-discharge-of,all-other-crimes,-105.0019915,39.747674
2022180103529900,2022-04-12 02:07:00,5299,weapon-other-viol,all-other-crimes,-105.0024895,39.7476542
202254902529900,2022-02-05 01:59:00,5299,weapon-other-viol,all-other-crimes,-105.0024895,39.7476542
20225003280530900,2022-08-28 13:19:00,5309,harassment,public-disorder,-104.9621052,39.6760301
2020390180531100,2020-06-26 21:17:00,5311,public-fighting,all-other-crimes,-105.0022825,39.7462505
2018441068531200,2018-07-01 04:15:00,5312,disturbing-the-peace,public-disorder,-105.0022825,39.7462505
202088223570700,2020-02-09 23:53:00,5707,criminal-trespassing,Trespassing,-105.0020304,39.7456976
2019306348570700,2019-05-16 13:24:00,5707,criminal-trespassing,Trespassing,-105.0022825,39.7462505
2019740012570700,2019-11-21 01:41:00,5707,criminal-trespassing,Trespassing,-105.0020304,39.7456976
202013269570700,2020-01-06 23:43:00,5707,criminal-trespassing,Trespassing,-105.0020304,39.7456976
2018859143570700,2018-12-21 12:43:00,5707,criminal-trespassing,Trespassing,-105.0020304,39.7456976
2021563417570700,2021-10-01 08:19:00,5707,criminal-trespassing,Trespassing,-105.0020304,39.7456976
2019742208570700,2019-11-22 01:52:00,5707,criminal-trespassing,Trespassing,-105.0020304,39.7456976
2020495959570700,2020-08-16 10:25:00,5707,criminal-trespassing,Trespassing,-105.0020304,39.7456976
2019661773570700,2019-10-16 00:36:00,5707,criminal-trespassing,Trespassing,-105.0020304,39.7456976
2019643406570700,2019-10-07 21:34:00,5707,criminal-trespassing,Trespassing,-105.0020304,39.7456976
2021546882570700,2021-09-22 20:30:00,5707,criminal-trespassing,Trespassing,-105.0020304,39.7456976
2018853503570700,2018-12-19 01:49:00,5707,criminal-trespassing,Trespassing,-105.0020304,39.7456976
2019666977570700,2019-10-18 05:36:00,5707,criminal-trespassing,Trespassing,-105.0020304,39.7456976
2022134589570700,2022-03-18 16:30:00,5707,criminal-trespassing,Trespassing,-105.0020304,39.7456976
2018388186570700,2018-06-09 21:52:00,5707,criminal-trespassing,Trespassing,-104.9617784,39.6778872
2021536867570700,2021-09-17 18:00:00,5707,criminal-trespassing,Trespassing,-105.0020304,39.7456976
2021152689570700,2021-03-16 19:55:00,5707,criminal-trespassing,Trespassing,-105.0022825,39.7462505
2018818139570700,2018-12-03 17:15:00,5707,criminal-trespassing,Trespassing,-105.0020304,39.7456976
2020614580570700,2020-10-14 18:18:00,5707,criminal-trespassing,Trespassing,-105.0020304,39.7456976
2020105509570700,2020-02-18 05:06:00,5707,criminal-trespassing,Trespassing,-105.0020304,39.7456976
2021541968570700,2021-09-20 10:34:00,5707,criminal-trespassing,Trespassing,-105.0048694,39.744035
2021563185570700,2021-10-01 04:31:00,5707,criminal-trespassing,Trespassing,-105.0020304,39.7456976
2021546340570700,2021-09-22 16:00:00,5707,criminal-trespassing,Trespassing,-105.0020304,39.7456976
2020603508570700,2020-10-09 09:07:00,5707,criminal-trespassing,Trespassing,-105.0020304,39.7456976
2019485172570700,2019-08-02 02:30:00,5707,criminal-trespassing,Trespassing,-105.0020304,39.7456976
2020143731570700,2020-03-06 00:34:00,5707,criminal-trespassing,Trespassing,-105.0048694,39.744035
2021558762570700,2021-09-28 18:23:00,5707,criminal-trespassing,Trespassing,-105.0020304,39.7456976
2021598675570700,2021-10-19 16:24:00,5707,criminal-trespassing,Trespassing,-105.0020304,39.7456976
2021663352570700,2021-11-23 10:25:00,5707,criminal-trespassing,Trespassing,-105.0020304,39.7456976
2021280899570700,2021-05-18 22:24:00,5707,criminal-trespassing,Trespassing,-105.0020304,39.7456976
2021544889570700,2021-09-21 21:35:00,5707,criminal-trespassing,Trespassing,-105.0020304,39.7456976
2021550491570700,2021-09-24 15:42:00,5707,criminal-trespassing,Trespassing,-105.0020304,39.7456976
201831422570700,2018-01-13 23:48:00,5707,criminal-trespassing,Trespassing,-105.0022825,39.7462505
2021548896570700,2021-09-23 20:14:00,5707,criminal-trespassing,Trespassing,-105.0020304,39.7456976
2018520292570700,2018-08-01 01:32:00,5707,criminal-trespassing,Trespassing,-105.0020304,39.7456976
2021590804570700,2021-10-15 13:15:00,5707,criminal-trespassing,Trespassing,-105.0020304,39.7456976
201870691570700,2018-01-30 08:10:00,5707,criminal-trespassing,Trespassing,-105.0024895,39.7476542
2021589788570700,2021-10-14 21:42:00,5707,criminal-trespassing,Trespassing,-105.0020304,39.7456976
2018584868570700,2018-08-27 09:10:00,5707,criminal-trespassing,Trespassing,-105.0024895,39.7476542
2019632556570700,2019-10-03 00:30:00,5707,criminal-trespassing,Trespassing,-105.0020304,39.7456976
202039739570700,2020-01-18 09:30:00,5707,criminal-trespassing,Trespassing,-105.0020304,39.7456976
2021562515570700,2021-09-30 16:58:00,5707,criminal-trespassing,Trespassing,-105.0020304,39.7456976
2018277565570700,2018-04-25 23:44:00,5707,criminal-trespassing,Trespassing,-104.9617784,39.6778872
2020691081570700,2020-11-24 12:23:00,5707,criminal-trespassing,Trespassing,-105.0020304,39.7456976
2018572854570700,2018-08-22 10:05:00,5707,criminal-trespassing,Trespassing,-105.0022825,39.7462505
2019605744570700,2019-09-21 19:40:00,5707,criminal-trespassing,Trespassing,-105.0020304,39.7456976
2021154261570700,2021-03-17 16:56:00,5707,criminal-trespassing,Trespassing,-105.0020304,39.7456976
2021111801570700,2021-02-24 13:54:00,5707,criminal-trespassing,Trespassing,-105.0022825,39.7462505
2021522884570700,2021-09-10 17:50:00,5707,criminal-trespassing,Trespassing,-105.0020304,39.7456976
201998573570700,2019-02-13 10:34:00,5707,criminal-trespassing,Trespassing,-105.0022825,39.7462505
2019237348570700,2019-04-16 14:44:00,5707,criminal-trespassing,Trespassing,-105.0022825,39.7462505
2019155182570700,2019-03-11 04:17:00,5707,criminal-trespassing,Trespassing,-105.0020304,39.7456976
2022184789570700,2022-04-14 12:25:00,5707,criminal-trespassing,Trespassing,-105.0020304,39.7456976
202241769570700,2022-08-14 23:49:00,5707,criminal-trespassing,Trespassing,-105.0020304,39.7456976
2018684771570700,2018-10-05 18:45:00,5707,criminal-trespassing,Trespassing,-105.0020304,39.7456976
2021572037570700,2021-10-05 15:04:00,5707,criminal-trespassing,Trespassing,-105.0020304,39.7456976
2020120973570700,2020-02-25 08:50:00,5707,criminal-trespassing,Trespassing,-105.0020304,39.7456976
202184016570700,2021-02-10 20:45:00,5707,criminal-trespassing,Trespassing,-105.0022825,39.7462505
201896469570700,2018-02-09 14:12:00,5707,criminal-trespassing,Trespassing,-105.0022825,39.7462505
2019650520570700,2019-10-11 01:38:00,5707,criminal-trespassing,Trespassing,-105.0020304,39.7456976
2020462155570700,2020-07-31 12:13:00,5707,criminal-trespassing,Trespassing,-105.0020304,39.7456976
2021555825570700,2021-09-27 00:00:00,5707,criminal-trespassing,Trespassing,-105.0020304,39.7456976
2021114410570700,2021-02-25 20:58:00,5707,criminal-trespassing,Trespassing,-105.0022825,39.7462505
2021542923570700,2021-09-20 21:02:00,5707,criminal-trespassing,Trespassing,-105.0020304,39.7456976
2022178335570700,2022-04-11 01:17:00,5707,criminal-trespassing,Trespassing,-105.0020304,39.7456976
201996848570700,2019-02-09 09:49:00,5707,criminal-trespassing,Trespassing,-105.0022825,39.7462505
2018745901570700,2018-11-01 02:28:00,5707,criminal-trespassing,Trespassing,-104.9617784,39.6778872
2021546390570700,2021-09-22 16:00:00,5707,criminal-trespassing,Trespassing,-105.0020304,39.7456976
2020324405739902,2020-03-21 16:00:00,7399,public-order-crimes-other,all-other-crimes,-105.0020304,39.7456976
2018568230739902,2018-08-20 13:00:00,7399,public-order-crimes-other,all-other-crimes,-105.0024895,39.7476542
2018532652739902,2018-08-05 23:45:00,7399,public-order-crimes-other,all-other-crimes,-105.0024895,39.7476542
2018586968739902,2018-08-28 05:20:00,7399,public-order-crimes-other,all-other-crimes,-105.0024895,39.7476542
2018505475739902,2018-07-26 01:20:00,7399,public-order-crimes-other,all-other-crimes,-105.0024895,39.7476542
2021118066739902,2021-02-27 05:37:00,7399,public-order-crimes-other,all-other-crimes,-105.0022825,39.7462505
202047473739902,2020-01-22 00:15:00,7399,public-order-crimes-other,all-other-crimes,-105.0019915,39.747674
2019219988131300,2019-04-08 19:48:00,1313,assault-simple,other-crimes-against-persons,-104.9617784,39.6778872
2019789353131300,2019-12-15 07:39:00,1313,assault-simple,other-crimes-against-persons,-105.0024895,39.7476542
2021387602131300,2021-07-07 20:39:00,1313,assault-simple,other-crimes-against-persons,-105.0048694,39.744035
201985723131300,2019-02-07 11:25:00,1313,assault-simple,other-crimes-against-persons,-105.0024895,39.7476542
202236630131500,2022-01-23 03:02:00,1315,aggravated-assault,aggravated-assault,-105.0024895,39.7476542
2019591566131500,2019-09-16 01:15:00,1315,aggravated-assault,aggravated-assault,-105.0024895,39.7476542
2019146777131500,2019-03-07 11:30:00,1315,aggravated-assault,aggravated-assault,-105.0022825,39.7462505
2021323290131502,2021-06-07 21:00:00,1315,menacing-felony-w-weap,aggravated-assault,-105.0024895,39.7476542
2021616067131600,2021-10-28 22:30:00,1316,threats-to-injure,public-disorder,-105.0020304,39.7456976
2019517294200500,2019-08-13 20:40:00,2005,arson-business,arson,-105.0048694,39.744035
2018630528220300,2018-09-07 17:00:00,2203,burglary-business-by-force,burglary,-105.0020304,39.7456976
2018235392220300,2018-04-06 15:15:00,2203,burglary-business-by-force,burglary,-105.0048694,39.744035
2019761100220300,2019-11-27 17:00:00,2203,burglary-business-by-force,burglary,-105.0020304,39.7456976
2018167729220300,2018-03-13 10:00:00,2203,burglary-business-by-force,burglary,-105.0020304,39.7456976
2018235313220300,2018-04-06 15:00:00,2203,burglary-business-by-force,burglary,-105.0048694,39.744035
202097483220300,2020-02-13 17:00:00,2203,burglary-business-by-force,burglary,-105.0020304,39.7456976
2022226113220300,2022-05-03 04:10:00,2203,burglary-business-by-force,burglary,-105.0020304,39.7456976
2018382695220300,2018-06-06 12:30:00,2203,burglary-business-by-force,burglary,-105.0048694,39.744035
2019800109220500,2019-12-13 09:00:00,2205,burglary-business-no-force,burglary,-105.0020304,39.7456976
2022427880220500,2022-01-05 03:38:00,2205,burglary-business-no-force,burglary,-105.0020304,39.7456976
2020324405220500,2020-03-21 16:00:00,2205,burglary-business-no-force,burglary,-105.0020304,39.7456976
2021156406220500,2021-03-17 14:25:00,2205,burglary-business-no-force,burglary,-105.0020304,39.7456976
2019517294220500,2019-08-13 20:40:00,2205,burglary-business-no-force,burglary,-105.0048694,39.744035
2018178559220600,2018-03-16 14:41:00,2206,burglary-poss-of-tools,burglary,-105.0020304,39.7456976
2022114453220600,2022-03-07 13:41:00,2206,burglary-poss-of-tools,burglary,-105.0020304,39.7456976
2019144589230200,2019-03-06 13:37:00,2302,theft-purse-snatch-no-force,larceny,-105.0020304,39.7456976
20186002864230400,2018-02-20 10:10:00,2304,theft-parts-from-vehicle,theft-from-motor-vehicle,-105.0024895,39.7476542
2020167599230500,2020-03-15 09:00:00,2305,theft-items-from-vehicle,theft-from-motor-vehicle,-105.0024156,39.7460369
2018486624230800,2018-07-18 11:45:00,2308,theft-from-bldg,larceny,-105.0020304,39.7456976
202027863230800,2020-01-10 12:00:00,2308,theft-from-bldg,larceny,-105.0020304,39.7456976
2018399196230800,2018-06-14 11:20:00,2308,theft-from-bldg,larceny,-105.0048694,39.744035
2019181442230800,2019-03-21 16:45:00,2308,theft-from-bldg,larceny,-105.0022825,39.7462505
20206002351230800,2020-03-06 12:30:00,2308,theft-from-bldg,larceny,-105.0019708,39.7460789
2022104337230800,2022-03-01 16:45:00,2308,theft-from-bldg,larceny,-105.0020304,39.7456976
2018486364230800,2018-06-04 17:00:00,2308,theft-from-bldg,larceny,-105.0048694,39.744035
2019362636239900,2019-06-10 15:40:00,2399,theft-other,larceny,-105.0020304,39.7456976
2018695937239900,2018-10-10 17:47:00,2399,theft-other,larceny,-105.0022825,39.7462505
2021505130239900,2021-09-02 07:50:00,2399,theft-other,larceny,-105.0020304,39.7456976
2018818139239900,2018-12-03 17:15:00,2399,theft-other,larceny,-105.0020304,39.7456976
2019734681239900,2019-11-18 13:55:00,2399,theft-other,larceny,-105.0022825,39.7462505
2019643205239900,2019-10-07 19:17:00,2399,theft-other,larceny,-105.0022825,39.7462505
2018178559239900,2018-03-16 14:41:00,2399,theft-other,larceny,-105.0020304,39.7456976
2021542481239900,2021-09-20 13:50:00,2399,theft-other,larceny,-105.0020304,39.7456976
2018277164239900,2018-04-25 18:20:00,2399,theft-other,larceny,-105.0020304,39.7456976
2018145970239900,2018-02-28 18:00:00,2399,theft-other,larceny,-105.0020304,39.7456976
2018560539239900,2018-08-16 03:44:00,2399,theft-other,larceny,-105.0026267,39.7458593
2018317058239900,2018-05-08 16:11:00,2399,theft-other,larceny,-105.0048694,39.744035
201896144239900,2018-02-01 18:00:00,2399,theft-other,larceny,-105.0020304,39.7456976
2018623834239900,2018-09-11 14:52:00,2399,theft-other,larceny,-105.0020304,39.7456976
2018238561239900,2018-03-22 10:00:00,2399,theft-other,larceny,-105.0020304,39.7456976
2019665643239900,2019-10-17 15:04:00,2399,theft-other,larceny,-105.0022825,39.7462505
2018334868239900,2018-05-18 14:30:00,2399,theft-other,larceny,-105.0045108,39.7449476
2021609608239900,2021-10-25 10:01:00,2399,theft-other,larceny,-105.0020304,39.7456976
2018859143239900,2018-12-21 12:43:00,2399,theft-other,larceny,-105.0020304,39.7456976
2018574041239900,2018-08-22 11:30:00,2399,theft-other,larceny,-105.0022825,39.7462505
2020142893239900,2020-03-05 16:50:00,2399,theft-other,larceny,-105.0020304,39.7456976
201915653239900,2019-01-07 16:45:00,2399,theft-other,larceny,-105.0026267,39.7458593
2018630528239900,2018-09-07 17:00:00,2399,theft-other,larceny,-105.0020304,39.7456976
2018488664239900,2018-07-17 12:54:00,2399,theft-other,larceny,-105.0048694,39.744035
2019765904239900,2019-12-04 14:10:00,2399,theft-other,larceny,-105.0020304,39.7456976
2020111464239900,2020-02-20 20:50:00,2399,theft-other,larceny,-105.0022825,39.7462505
2021583604239900,2021-10-11 15:46:00,2399,theft-other,larceny,-105.0020304,39.7456976
2022330461239900,2022-06-29 15:00:00,2399,theft-other,larceny,-105.0020304,39.7456976
2018682267239900,2018-10-04 15:29:00,2399,theft-other,larceny,-105.0022825,39.7462505
2018626810239901,2018-09-12 18:10:00,2399,theft-bicycle,larceny,-105.0020304,39.7456976
2018782211239901,2018-11-16 14:34:00,2399,theft-bicycle,larceny,-105.0022825,39.7462505
2018659224239901,2018-09-21 02:45:00,2399,theft-bicycle,larceny,-105.0020304,39.7456976
2019548579239901,2019-08-28 12:27:00,2399,theft-bicycle,larceny,-105.0020304,39.7456976
20186007720239901,2018-08-08 18:00:00,2399,theft-bicycle,larceny,-104.9617784,39.6778872
2019365156239901,2019-06-11 09:30:00,2399,theft-bicycle,larceny,-105.0020304,39.7456976
2019412654239901,2019-07-02 10:00:00,2399,theft-bicycle,larceny,-105.0022825,39.7462505
2018802855239901,2018-11-26 17:15:00,2399,theft-bicycle,larceny,-105.0020304,39.7456976
2021656551239901,2021-11-19 08:00:00,2399,theft-bicycle,larceny,-105.0020304,39.7456976
2021556443239901,2021-09-23 14:00:00,2399,theft-bicycle,larceny,-105.0020304,39.7456976
2018716962239901,2018-10-19 15:15:00,2399,theft-bicycle,larceny,-105.0020304,39.7456976
2018575335239901,2018-08-23 08:54:00,2399,theft-bicycle,larceny,-105.0020304,39.7456976
2021562745239901,2021-09-30 19:21:00,2399,theft-bicycle,larceny,-105.0020304,39.7456976
2021426072239901,2021-07-26 11:00:00,2399,theft-bicycle,larceny,-105.0020304,39.7456976
20196001250239901,2019-02-11 10:00:00,2399,theft-bicycle,larceny,-104.9617784,39.6778872
2018786656239901,2018-11-15 19:00:00,2399,theft-bicycle,larceny,-105.0022825,39.7462505
2018700834239901,2018-10-12 16:50:00,2399,theft-bicycle,larceny,-105.0020304,39.7456976
2021676125239901,2021-11-30 17:30:00,2399,theft-bicycle,larceny,-105.0020304,39.7456976
2019514440239901,2019-08-14 10:05:00,2399,theft-bicycle,larceny,-105.0020304,39.7456976
2019666656239901,2019-10-17 16:51:00,2399,theft-bicycle,larceny,-105.0020304,39.7456976
2018392414239901,2018-06-11 09:00:00,2399,theft-bicycle,larceny,-105.0022825,39.7462505
2019480943239901,2019-07-31 08:48:00,2399,theft-bicycle,larceny,-105.0020304,39.7456976
2018709953239901,2018-10-16 17:30:00,2399,theft-bicycle,larceny,-105.0022825,39.7462505
2021544453239901,2021-09-21 13:59:00,2399,theft-bicycle,larceny,-105.0020304,39.7456976
2022524872239901,2022-10-10 17:30:00,2399,theft-bicycle,larceny,-105.0020304,39.7456976
2019709097239901,2019-11-06 17:00:00,2399,theft-bicycle,larceny,-105.0020304,39.7456976
2019627432239901,2019-09-30 18:35:00,2399,theft-bicycle,larceny,-105.0020304,39.7456976
20186005003239901,2018-05-24 16:45:00,2399,theft-bicycle,larceny,-105.0019708,39.7460789
2019179291239901,2019-04-17 11:00:00,2399,theft-bicycle,larceny,-105.0020304,39.7456976
20196001730239901,2019-02-26 17:15:00,2399,theft-bicycle,larceny,-105.0020304,39.7456976
2018628379239901,2018-09-13 11:34:00,2399,theft-bicycle,larceny,-105.0020304,39.7456976
2021661799239901,2021-11-11 15:42:00,2399,theft-bicycle,larceny,-105.0022825,39.7462505
20185004390239901,2018-09-19 16:27:00,2399,theft-bicycle,larceny,-105.0020304,39.7456976
2018444628240400,2018-07-02 05:30:00,2404,theft-of-motor-vehicle,auto-theft,-105.0019915,39.747674
2019667711258900,2019-09-17 09:25:00,2589,forgery-other,white-collar-crime,-105.0022825,39.7462505
2019144589260401,2019-03-06 13:37:00,2604,fraud-criminal-impersonation,white-collar-crime,-105.0020304,39.7456976
20196010925260700,2019-11-01 12:10:00,2607,fraud-by-telephone,white-collar-crime,-104.9621052,39.6760301
2019548149260900,2019-08-28 08:00:00,2609,fraud-by-use-of-computer,white-collar-crime,-105.0022825,39.7462505
2022415999239900,2022-10-19 08:00:00,2399,theft-other,larceny,-105.0020304,39.7456976
2022553210239901,2022-10-25 11:50:00,2399,theft-bicycle,larceny,-105.0020304,39.7456976
2022583973220300,2022-11-11 09:18:00,2203,burglary-business-by-force,burglary,-105.0020304,39.7456976
2022603222299900,2022-11-20 15:15:00,2999,criminal-mischief-other,public-disorder,-105.0048626,39.7454927
2022648106480300,2022-12-19 09:01:00,4803,police-false-information,all-other-crimes,-105.0020304,39.7456976
2022648106570700,2022-12-19 09:01:00,5707,criminal-trespassing,Trespassing,-105.0020304,39.7456976
202223984239901,2022-11-05 08:00:00,2399,theft-bicycle,larceny,-105.0020304,39.7456976
202333057220500,2022-12-26 09:34:00,2205,burglary-business-no-force,burglary,-105.0020304,39.7456976
202341954531200,2023-01-10 09:45:00,5312,disturbing-the-peace,public-disorder,-105.0048694,39.744035
202355503501601,2023-01-31 18:50:00,5016,violation-of-court-order,all-other-crimes,-105.0020304,39.7456976
202356642570700,2023-02-01 11:40:00,5707,criminal-trespassing,Trespassing,-105.0020304,39.7456976
202355503570700,2023-01-31 18:50:00,5707,criminal-trespassing,Trespassing,-105.0020304,39.7456976
202384685501600,2023-02-15 17:00:00,5016,violation-of-restraining-order,all-other-crimes,-105.0048694,39.744035
202399512570700,2023-02-24 14:02:00,5707,criminal-trespassing,Trespassing,-105.0020304,39.7456976
2023131063570700,2023-03-13 08:13:00,5707,criminal-trespassing,Trespassing,-105.0020304,39.7456976
2023235860131502,2023-05-05 22:56:00,1315,menacing-felony-w-weap,aggravated-assault,-105.0024895,39.7476542
2023231655220300,2023-05-03 23:30:00,2203,burglary-business-by-force,burglary,-105.0020304,39.7456976
2023247668299901,2023-05-11 18:20:00,2999,criminal-mischief-mtr-veh,public-disorder,-105.0020304,39.7456976
2023302370299900,2023-06-07 22:39:00,2999,criminal-mischief-other,public-disorder,-105.0024895,39.7476542
2023302370131300,2023-06-07 22:39:00,1313,assault-simple,other-crimes-against-persons,-105.0024895,39.7476542
2023317755131300,2023-06-15 18:20:00,1313,assault-simple,other-crimes-against-persons,-105.0024895,39.7476542
2023363858570700,2023-07-07 23:04:00,5707,criminal-trespassing,Trespassing,-105.0048694,39.744035
2023403171570700,2023-07-27 13:45:00,5707,criminal-trespassing,Trespassing,-105.0020304,39.7456976
2023414322239900,2023-08-02 09:10:00,2399,theft-other,larceny,-105.0048694,39.744035
2023442427230500,2023-08-16 19:00:00,2305,theft-items-from-vehicle,theft-from-motor-vehicle,-105.0024895,39.7476542
2023458644299900,2023-08-24 15:00:00,2999,criminal-mischief-other,public-disorder,-105.0020304,39.7456976
2023483011570700,2023-09-07 08:54:00,5707,criminal-trespassing,Trespassing,-105.0020304,39.7456976
2023504198521200,2023-09-18 12:30:00,5212,weapon-poss-illegal-dangerous,all-other-crimes,-105.0020304,39.7456976
2023504198220600,2023-09-18 12:30:00,2206,burglary-poss-of-tools,burglary,-105.0020304,39.7456976
2023506151239901,2023-09-18 09:33:00,2399,theft-bicycle,larceny,-105.0020304,39.7456976
2023507540570700,2023-09-20 08:49:00,5707,criminal-trespassing,Trespassing,-105.0048694,39.744035
